﻿<?xml version="1.0" encoding="utf-8"?>
<GuestRequests>
  <GuestRequest>
    <GuestRequestKey>10000000</GuestRequestKey>
    <Name>
      <FamilyName>bu</FamilyName>
      <PrivateName>st</PrivateName>
    </Name>
    <MailAddress>stburack@gmail.com</MailAddress>
    <Status>Active</Status>
    <RegistrationDate>
      <YearReg>2020</YearReg>
      <MonthReg>1</MonthReg>
      <DayReg>28</DayReg>
    </RegistrationDate>
    <EntryDate>
      <YearEntry>2020</YearEntry>
      <MonthEntry>1</MonthEntry>
      <DayEntry>30</DayEntry>
    </EntryDate>
    <ReleaseDate>
      <YearRelease>2020</YearRelease>
      <MonthRelease>2</MonthRelease>
      <DayRelease>11</DayRelease>
    </ReleaseDate>
    <Area>Eilat</Area>
    <Type>Hotel</Type>
    <Adults>1</Adults>
    <Children>0</Children>
    <Pool>Yes</Pool>
    <Jacuzzi>Yes</Jacuzzi>
    <Garden>Yes</Garden>
    <ChildrensAttractions>Yes</ChildrensAttractions>
    <FitnessCenter>Yes</FitnessCenter>
    <Stars>five_star</Stars>
    <WiFi>Yes</WiFi>
    <Parking>Yes</Parking>
    <Pet>true</Pet>
    <SubArea>Eilat</SubArea>
  </GuestRequest>
  <GuestRequest>
    <GuestRequestKey>10000001</GuestRequestKey>
    <Name>
      <FamilyName>uiegd</FamilyName>
      <PrivateName>kgas</PrivateName>
    </Name>
    <MailAddress>jagh@gmail.com</MailAddress>
    <Status>Active</Status>
    <RegistrationDate>
      <YearReg>2020</YearReg>
      <MonthReg>1</MonthReg>
      <DayReg>28</DayReg>
    </RegistrationDate>
    <EntryDate>
      <YearEntry>2020</YearEntry>
      <MonthEntry>1</MonthEntry>
      <DayEntry>29</DayEntry>
    </EntryDate>
    <ReleaseDate>
      <YearRelease>2020</YearRelease>
      <MonthRelease>1</MonthRelease>
      <DayRelease>30</DayRelease>
    </ReleaseDate>
    <Area>Eilat</Area>
    <Type>Tent</Type>
    <Adults>1</Adults>
    <Children>0</Children>
    <Pool>DontCare</Pool>
    <Jacuzzi>DontCare</Jacuzzi>
    <Garden>DontCare</Garden>
    <ChildrensAttractions>DontCare</ChildrensAttractions>
    <FitnessCenter>DontCare</FitnessCenter>
    <Stars>two_star</Stars>
    <WiFi>DontCare</WiFi>
    <Parking>DontCare</Parking>
    <Pet>true</Pet>
    <SubArea>Eilat</SubArea>
  </GuestRequest>
  <GuestRequest>
    <GuestRequestKey>10000002</GuestRequestKey>
    <Name>
      <FamilyName>bu</FamilyName>
      <PrivateName>st</PrivateName>
    </Name>
    <MailAddress>stburack@gmail.com</MailAddress>
    <Status>Closed</Status>
    <RegistrationDate>
      <YearReg>2020</YearReg>
      <MonthReg>1</MonthReg>
      <DayReg>28</DayReg>
    </RegistrationDate>
    <EntryDate>
      <YearEntry>2020</YearEntry>
      <MonthEntry>1</MonthEntry>
      <DayEntry>29</DayEntry>
    </EntryDate>
    <ReleaseDate>
      <YearRelease>2020</YearRelease>
      <MonthRelease>1</MonthRelease>
      <DayRelease>30</DayRelease>
    </ReleaseDate>
    <Area>Eilat</Area>
    <Type>Hotel</Type>
    <Adults>1</Adults>
    <Children>0</Children>
    <Pool>DontCare</Pool>
    <Jacuzzi>DontCare</Jacuzzi>
    <Garden>DontCare</Garden>
    <ChildrensAttractions>DontCare</ChildrensAttractions>
    <FitnessCenter>DontCare</FitnessCenter>
    <Stars>five_star</Stars>
    <WiFi>DontCare</WiFi>
    <Parking>DontCare</Parking>
    <Pet>true</Pet>
    <SubArea>Eilat</SubArea>
  </GuestRequest>
</GuestRequests>