﻿<?xml version="1.0" encoding="utf-8"?>
<HostingUnits>
  <HostingUnit>
    <HostingUnitKey>10000000</HostingUnitKey>
    <HostingUnitName>no clearance</HostingUnitName>
    <Diary>False False False False False False False False False False False False False False False False False False False False False False False False False False False False False False False False False False False False False False False False False False False False False False False False False False False False False False False False False False False False False False False False False False False False False False False False False False False False False False False False False False False False False False False False False False False False False False False False False False False False False False False False False False False False False False False False False False False False False False False False False False False False False False False False False False False False False False False False False False False False False False False False False False False False False False False False False False False False False False False False False False False False False False False False False False False False False False False False False False False False False False False False False False False False False False False False False False False False False False False False False False False False False False False False False False False False False False False False False False False False False False False False False False False False False False False False False False False False False False False False False False False False False False False False False False False False False False False False False False False False False False False False False False False False False False False False False False False False False False False False False False False False False False False False False False False False False False False False False False False False False False False False False False False False False False False False False False False False False False False False False False False False False False False False False False False False False False False False False False False False False False False False False False False False False False False False False False False False False False False False False False False False False False False False False False False False </Diary>
    <Owner>
      <HostKey>315320945</HostKey>
      <Name>
        <PrivateName>me</PrivateName>
        <FamilyName>me</FamilyName>
      </Name>
      <PhoneNumber>537208407</PhoneNumber>
      <MailAddress>stburack@gmail.com</MailAddress>
      <CollectionClearance>false</CollectionClearance>
      <BankBranchDetails>
        <BankNumber>13</BankNumber>
        <BankName>Union Bank of Israel Ltd</BankName>
        <BranchNumber>196</BranchNumber>
        <BranchAddress>6-8 Ahuzat Baeit st. Tel Aviv 61024 6</BranchAddress>
        <BranchCity>TEL AVIV - YAFO</BranchCity>
      </BankBranchDetails>
      <BankAccountNumber>344556</BankAccountNumber>
    </Owner>
    <Area>Jerusalem</Area>
    <Type>Tent</Type>
    <SubArea>BeitShemesh</SubArea>
    <Pet>false</Pet>
    <WiFi>true</WiFi>
    <Parking>false</Parking>
    <Pool>true</Pool>
    <Jacuzzi>true</Jacuzzi>
    <Garden>false</Garden>
    <ChildrensAttractions>false</ChildrensAttractions>
    <FitnessCenter>false</FitnessCenter>
    <Stars>five_star</Stars>
    <Beds>6</Beds>
  </HostingUnit>
  <HostingUnit>
    <HostingUnitKey>10000001</HostingUnitKey>
    <HostingUnitName>soris unit</HostingUnitName>
    <Diary>False False False False False False False False False False False False False False False False False False False False False False False False False False False False False False False False False False False False False False False False False False False False False False False False False False False False False False False False False False False False False False False False False False False False False False False False False False False False False False False False False False False False False False False False False False False False False False False False False False False False False False False False False False False False False False False False False False False False False False False False False False False False False False False False False False False False False False False False False False False False False False False False False False False False False False False False False False False False False False False False False False False False False False False False False False False False False False False False False False False False False False False False False False False False False False False False False False False False False False False False False False False False False False False False False False False False False False False False False False False False False False False False False False False False False False False False False False False False False False False False False False False False False False False False False False False False False False False False False False False False False False False False False False False False False False False False False False False False False False False False False False False False False False False False False False False False False False False False False False False False False False False False False False False False False False False False False False False False False False False False False False False False False False False False False False False False False False False False False False False False False False False False False False False False False False False False False False False False False False False False False False False False False False False False False False False False </Diary>
    <Owner>
      <HostKey>315320945</HostKey>
      <Name>
        <PrivateName>sori</PrivateName>
        <FamilyName>teigman</FamilyName>
      </Name>
      <PhoneNumber>583295002</PhoneNumber>
      <MailAddress>soriteigman@gmail.com</MailAddress>
      <CollectionClearance>true</CollectionClearance>
      <BankBranchDetails>
        <BankNumber>14</BankNumber>
        <BankName>Bank Otsar Ha-hayal Ltd</BankName>
        <BranchNumber>311</BranchNumber>
        <BranchAddress>17, H'banim way 17</BranchAddress>
        <BranchCity>PARDES HANNA-KARKUR</BranchCity>
      </BankBranchDetails>
      <BankAccountNumber>11111</BankAccountNumber>
    </Owner>
    <Area>North</Area>
    <Type>BeachHouse</Type>
    <SubArea>Caesarea</SubArea>
    <Pet>false</Pet>
    <WiFi>true</WiFi>
    <Parking>true</Parking>
    <Pool>true</Pool>
    <Jacuzzi>false</Jacuzzi>
    <Garden>false</Garden>
    <ChildrensAttractions>false</ChildrensAttractions>
    <FitnessCenter>true</FitnessCenter>
    <Stars>four_star</Stars>
    <Beds>9</Beds>
  </HostingUnit>
  <HostingUnit>
    <HostingUnitKey>10000002</HostingUnitKey>
    <HostingUnitName>has it all</HostingUnitName>
    <Diary>False False False False False False False False False False False False False False False False False False False False False False False False False False False False True False False False False False False False False False False False False False False False False False False False False False False False False False False False False False False False False False False False False False False False False False False False False False False False False False False False False False False False False False False False False False False False False False False False False False False False False False False False False False False False False False False False False False False False False False False False False False False False False False False False False False False False False False False False False False False False False False False False False False False False False False False False False False False False False False False False False False False False False False False False False False False False False False False False False False False False False False False False False False False False False False False False False False False False False False False False False False False False False False False False False False False False False False False False False False False False False False False False False False False False False False False False False False False False False False False False False False False False False False False False False False False False False False False False False False False False False False False False False False False False False False False False False False False False False False False False False False False False False False False False False False False False False False False False False False False False False False False False False False False False False False False False False False False False False False False False False False False False False False False False False False False False False False False False False False False False False False False False False False False False False False False False False False False False False False False False False False False False False False False False False False False False </Diary>
    <Owner>
      <HostKey>315320945</HostKey>
      <Name>
        <PrivateName>sori</PrivateName>
        <FamilyName>teigman</FamilyName>
      </Name>
      <PhoneNumber>11111</PhoneNumber>
      <MailAddress>soriteigman@gmail.com</MailAddress>
      <CollectionClearance>true</CollectionClearance>
      <BankBranchDetails>
        <BankNumber>14</BankNumber>
        <BankName>Bank Otsar Ha-hayal Ltd</BankName>
        <BranchNumber>376</BranchNumber>
        <BranchAddress>Machane Yafa, Beer Sheva 0</BranchAddress>
        <BranchCity>HAZERIM</BranchCity>
      </BankBranchDetails>
      <BankAccountNumber>11111</BankAccountNumber>
    </Owner>
    <Area>Eilat</Area>
    <Type>Hotel</Type>
    <SubArea>Eilat</SubArea>
    <Pet>true</Pet>
    <WiFi>true</WiFi>
    <Parking>true</Parking>
    <Pool>true</Pool>
    <Jacuzzi>true</Jacuzzi>
    <Garden>true</Garden>
    <ChildrensAttractions>true</ChildrensAttractions>
    <FitnessCenter>true</FitnessCenter>
    <Stars>five_star</Stars>
    <Beds>5</Beds>
  </HostingUnit>
</HostingUnits>