﻿<?xml version="1.0" encoding="utf-8"?>
<Orders>
  <Order>
    <OrderKey>10000000</OrderKey>
    <GuestRequestKey>10000002</GuestRequestKey>
    <HostingUnitKey>10000002</HostingUnitKey>
    <Status>Closed</Status>
    <CreateDate>
      <CreateDateYear>2020</CreateDateYear>
      <CreateDateMonth>1</CreateDateMonth>
      <CreateDateDay>28</CreateDateDay>
    </CreateDate>
    <SentEmail>
      <SentEmailYear>1</SentEmailYear>
      <SentEmailMonth>1</SentEmailMonth>
      <SentEmailDay>1</SentEmailDay>
    </SentEmail>
  </Order>
</Orders>